insert into perfil (per_codigo,per_nombre,per_fecha_registro_sistema,per_fecha_actualizacion,per_eliminado) values (1,"Super Administrador",now(),now(),0);
insert into perfil (per_codigo,per_nombre,per_fecha_registro_sistema,per_fecha_actualizacion,per_eliminado) values (2,"Administrador",now(),now(),0);
insert into perfil (per_codigo,per_nombre,per_fecha_registro_sistema,per_fecha_actualizacion,per_eliminado) values (3,"Analista",now(),now(),0);
insert into perfil (per_codigo,per_nombre,per_fecha_registro_sistema,per_fecha_actualizacion,per_eliminado) values (4,"Coordinador o Supervisor",now(),now(),0);

insert into usuario (usu_codigo,usu_login,usu_password,usu_per_codigo,usu_habilitado,usu_fecha_registro_sistema) values (1,'quantar',md5('quantar'),1,1,now());

insert into categoria_evento (cat_codigo,cat_nombre,cat_fecha_registro_sistema,cat_fecha_actualizacion,cat_eliminado,cat_usu_crea,cat_usu_actualiza) values(1,'Problemas de Presión',now(),now(),0,1,1); 
insert into categoria_evento (cat_codigo,cat_nombre,cat_fecha_registro_sistema,cat_fecha_actualizacion,cat_eliminado,cat_usu_crea,cat_usu_actualiza) values(2,'Problemas con Fugas',now(),now(),0,1,1);
insert into categoria_evento (cat_codigo,cat_nombre,cat_fecha_registro_sistema,cat_fecha_actualizacion,cat_eliminado,cat_usu_crea,cat_usu_actualiza) values(3,'Problemas con la Retención de Picos',now(),now(),0,1,1);
insert into categoria_evento (cat_codigo,cat_nombre,cat_fecha_registro_sistema,cat_fecha_actualizacion,cat_eliminado,cat_usu_crea,cat_usu_actualiza) values(4,'Problemas con la forma de los picos',now(),now(),0,1,1);
insert into categoria_evento (cat_codigo,cat_nombre,cat_fecha_registro_sistema,cat_fecha_actualizacion,cat_eliminado,cat_usu_crea,cat_usu_actualiza) values(5,'Problemas con la Línea Base',now(),now(),0,1,1);
insert into categoria_evento (cat_codigo,cat_nombre,cat_fecha_registro_sistema,cat_fecha_actualizacion,cat_eliminado,cat_usu_crea,cat_usu_actualiza) values(6,'Problemas con el Automuestreador',now(),now(),0,1,1);
insert into categoria_evento (cat_codigo,cat_nombre,cat_fecha_registro_sistema,cat_fecha_actualizacion,cat_eliminado,cat_usu_crea,cat_usu_actualiza) values(7,'Problemas con el equipo Controlador',now(),now(),0,1,1);
insert into categoria_evento (cat_codigo,cat_nombre,cat_fecha_registro_sistema,cat_fecha_actualizacion,cat_eliminado,cat_usu_crea,cat_usu_actualiza) values(8,'Problemas Generales',now(),now(),0,1,1);

insert into estado (est_codigo,est_nombre,est_fecha_registro_sistema,est_fecha_actualizacion,est_eliminado,est_usu_crea,est_usu_actualiza) values (1,"Bueno",now(),now(),0,1,1);
insert into estado (est_codigo,est_nombre,est_fecha_registro_sistema,est_fecha_actualizacion,est_eliminado,est_usu_crea,est_usu_actualiza) values (2,"Dado de baja",now(),now(),0,1,1);

insert into tipo_identificacion (tid_codigo,tid_nombre,tid_fecha_registro_sistema,tid_fecha_actualizacion,tid_eliminado,tid_usu_crea,tid_usu_actualiza) values (1,"Cédula de ciudadanía",now(),now(),0,1,1);
insert into tipo_identificacion (tid_codigo,tid_nombre,tid_fecha_registro_sistema,tid_fecha_actualizacion,tid_eliminado,tid_usu_crea,tid_usu_actualiza) values (2,"Cédula de extranjería",now(),now(),0,1,1);
insert into tipo_identificacion (tid_codigo,tid_nombre,tid_fecha_registro_sistema,tid_fecha_actualizacion,tid_eliminado,tid_usu_crea,tid_usu_actualiza) values (3,"Tarjeta de identidad",now(),now(),0,1,1);

insert into evento (eve_codigo,eve_nombre,eve_fecha_registro_sistema,eve_fecha_actualizacion,eve_eliminado,eve_usu_crea,eve_usu_actualiza) values(1,'Presión del sistema alta', now(),now(),0,1,1);
insert into evento (eve_codigo,eve_nombre,eve_fecha_registro_sistema,eve_fecha_actualizacion,eve_eliminado,eve_usu_crea,eve_usu_actualiza) values(2,'Presión del sistema baja', now(),now(),0,1,1);
insert into evento (eve_codigo,eve_nombre,eve_fecha_registro_sistema,eve_fecha_actualizacion,eve_eliminado,eve_usu_crea,eve_usu_actualiza) values(3,'Presión inestable', now(),now(),0,1,1);
insert into evento (eve_codigo,eve_nombre,eve_fecha_registro_sistema,eve_fecha_actualizacion,eve_eliminado,eve_usu_crea,eve_usu_actualiza) values(4,'Otros', now(),now(),0,1,1);
insert into evento (eve_codigo,eve_nombre,eve_fecha_registro_sistema,eve_fecha_actualizacion,eve_eliminado,eve_usu_crea,eve_usu_actualiza) values(5,'Fuga en la entrada/salida de la columna', now(),now(),0,1,1);
insert into evento (eve_codigo,eve_nombre,eve_fecha_registro_sistema,eve_fecha_actualizacion,eve_eliminado,eve_usu_crea,eve_usu_actualiza) values(6,'Fuga en la entrada al detector', now(),now(),0,1,1);
insert into evento (eve_codigo,eve_nombre,eve_fecha_registro_sistema,eve_fecha_actualizacion,eve_eliminado,eve_usu_crea,eve_usu_actualiza) values(7,'Fuga en la entrada/salida del filtro en línea', now(),now(),0,1,1);
insert into evento (eve_codigo,eve_nombre,eve_fecha_registro_sistema,eve_fecha_actualizacion,eve_eliminado,eve_usu_crea,eve_usu_actualiza) values(8,'Fuga en la entrada/salida de las bombas', now(),now(),0,1,1);
insert into evento (eve_codigo,eve_nombre,eve_fecha_registro_sistema,eve_fecha_actualizacion,eve_eliminado,eve_usu_crea,eve_usu_actualiza) values(9,'Fuga en el asiento del inyector', now(),now(),0,1,1);
insert into evento (eve_codigo,eve_nombre,eve_fecha_registro_sistema,eve_fecha_actualizacion,eve_eliminado,eve_usu_crea,eve_usu_actualiza) values(10,'Fuga en el inyector', now(),now(),0,1,1);
insert into evento (eve_codigo,eve_nombre,eve_fecha_registro_sistema,eve_fecha_actualizacion,eve_eliminado,eve_usu_crea,eve_usu_actualiza) values(11,'Falta reproducibilidad en los tiempos de retención de picos', now(),now(),0,1,1);
insert into evento (eve_codigo,eve_nombre,eve_fecha_registro_sistema,eve_fecha_actualizacion,eve_eliminado,eve_usu_crea,eve_usu_actualiza) values(12,'Aumento en el tiempo de retención de picos', now(),now(),0,1,1);
insert into evento (eve_codigo,eve_nombre,eve_fecha_registro_sistema,eve_fecha_actualizacion,eve_eliminado,eve_usu_crea,eve_usu_actualiza) values(13,'Disminución en el tiempo de retención de picos', now(),now(),0,1,1);
insert into evento (eve_codigo,eve_nombre,eve_fecha_registro_sistema,eve_fecha_actualizacion,eve_eliminado,eve_usu_crea,eve_usu_actualiza) values(14,'Pérdida de resolución de picos', now(),now(),0,1,1);
insert into evento (eve_codigo,eve_nombre,eve_fecha_registro_sistema,eve_fecha_actualizacion,eve_eliminado,eve_usu_crea,eve_usu_actualiza) values(15,'Picos anchos', now(),now(),0,1,1);
insert into evento (eve_codigo,eve_nombre,eve_fecha_registro_sistema,eve_fecha_actualizacion,eve_eliminado,eve_usu_crea,eve_usu_actualiza) values(16,'Picos Fantasma', now(),now(),0,1,1);
insert into evento (eve_codigo,eve_nombre,eve_fecha_registro_sistema,eve_fecha_actualizacion,eve_eliminado,eve_usu_crea,eve_usu_actualiza) values(17,'Picos negativos', now(),now(),0,1,1);
insert into evento (eve_codigo,eve_nombre,eve_fecha_registro_sistema,eve_fecha_actualizacion,eve_eliminado,eve_usu_crea,eve_usu_actualiza) values(18,'Picos divididos', now(),now(),0,1,1);
insert into evento (eve_codigo,eve_nombre,eve_fecha_registro_sistema,eve_fecha_actualizacion,eve_eliminado,eve_usu_crea,eve_usu_actualiza) values(19,'Picos con cola', now(),now(),0,1,1);
insert into evento (eve_codigo,eve_nombre,eve_fecha_registro_sistema,eve_fecha_actualizacion,eve_eliminado,eve_usu_crea,eve_usu_actualiza) values(20,'Picos con frente', now(),now(),0,1,1);
insert into evento (eve_codigo,eve_nombre,eve_fecha_registro_sistema,eve_fecha_actualizacion,eve_eliminado,eve_usu_crea,eve_usu_actualiza) values(21,'Picos cortados en la punta', now(),now(),0,1,1);
insert into evento (eve_codigo,eve_nombre,eve_fecha_registro_sistema,eve_fecha_actualizacion,eve_eliminado,eve_usu_crea,eve_usu_actualiza) values(22,'Picos cortados en la base', now(),now(),0,1,1);
insert into evento (eve_codigo,eve_nombre,eve_fecha_registro_sistema,eve_fecha_actualizacion,eve_eliminado,eve_usu_crea,eve_usu_actualiza) values(23,'Línea base con ruido', now(),now(),0,1,1);
insert into evento (eve_codigo,eve_nombre,eve_fecha_registro_sistema,eve_fecha_actualizacion,eve_eliminado,eve_usu_crea,eve_usu_actualiza) values(24,'Línea base espigada', now(),now(),0,1,1);
insert into evento (eve_codigo,eve_nombre,eve_fecha_registro_sistema,eve_fecha_actualizacion,eve_eliminado,eve_usu_crea,eve_usu_actualiza) values(25,'Línea base variable', now(),now(),0,1,1);
insert into evento (eve_codigo,eve_nombre,eve_fecha_registro_sistema,eve_fecha_actualizacion,eve_eliminado,eve_usu_crea,eve_usu_actualiza) values(26,'Atascamiento del automuestreador', now(),now(),0,1,1);
insert into evento (eve_codigo,eve_nombre,eve_fecha_registro_sistema,eve_fecha_actualizacion,eve_eliminado,eve_usu_crea,eve_usu_actualiza) values(27,'Mal posicionamiento del automuestreador', now(),now(),0,1,1);
insert into evento (eve_codigo,eve_nombre,eve_fecha_registro_sistema,eve_fecha_actualizacion,eve_eliminado,eve_usu_crea,eve_usu_actualiza) values(28,'El equipo no reconoce la bandeja de muestras', now(),now(),0,1,1);
insert into evento (eve_codigo,eve_nombre,eve_fecha_registro_sistema,eve_fecha_actualizacion,eve_eliminado,eve_usu_crea,eve_usu_actualiza) values(29,'El computador se bloquea', now(),now(),0,1,1);
insert into evento (eve_codigo,eve_nombre,eve_fecha_registro_sistema,eve_fecha_actualizacion,eve_eliminado,eve_usu_crea,eve_usu_actualiza) values(30,'El computador no carga el software', now(),now(),0,1,1);
insert into evento (eve_codigo,eve_nombre,eve_fecha_registro_sistema,eve_fecha_actualizacion,eve_eliminado,eve_usu_crea,eve_usu_actualiza) values(31,'El software se bloquea', now(),now(),0,1,1);
insert into evento (eve_codigo,eve_nombre,eve_fecha_registro_sistema,eve_fecha_actualizacion,eve_eliminado,eve_usu_crea,eve_usu_actualiza) values(32,'El software se interrumpe en medio de una corrida analítica', now(),now(),0,1,1);
insert into evento (eve_codigo,eve_nombre,eve_fecha_registro_sistema,eve_fecha_actualizacion,eve_eliminado,eve_usu_crea,eve_usu_actualiza) values(33,'Uso de fase móvil no correspondiente con el método', now(),now(),0,1,1);
insert into evento (eve_codigo,eve_nombre,eve_fecha_registro_sistema,eve_fecha_actualizacion,eve_eliminado,eve_usu_crea,eve_usu_actualiza) values(34,'Se carga  metodología de análisis no correspondiente', now(),now(),0,1,1);
insert into evento (eve_codigo,eve_nombre,eve_fecha_registro_sistema,eve_fecha_actualizacion,eve_eliminado,eve_usu_crea,eve_usu_actualiza) values(35,'Se utiliza columna no correspondiente con el método', now(),now(),0,1,1);
insert into evento (eve_codigo,eve_nombre,eve_fecha_registro_sistema,eve_fecha_actualizacion,eve_eliminado,eve_usu_crea,eve_usu_actualiza) values(36,'Inadecuada preparación de la fase móvil', now(),now(),0,1,1);
insert into evento (eve_codigo,eve_nombre,eve_fecha_registro_sistema,eve_fecha_actualizacion,eve_eliminado,eve_usu_crea,eve_usu_actualiza) values(37,'Inadecuada preparación de soluciones estándar', now(),now(),0,1,1);
insert into evento (eve_codigo,eve_nombre,eve_fecha_registro_sistema,eve_fecha_actualizacion,eve_eliminado,eve_usu_crea,eve_usu_actualiza) values(38,'Inadecuada preparación de solución test', now(),now(),0,1,1);
insert into evento (eve_codigo,eve_nombre,eve_fecha_registro_sistema,eve_fecha_actualizacion,eve_eliminado,eve_usu_crea,eve_usu_actualiza) values(39,'Inadecuada preparación de muestra', now(),now(),0,1,1);
insert into evento (eve_codigo,eve_nombre,eve_fecha_registro_sistema,eve_fecha_actualizacion,eve_eliminado,eve_usu_crea,eve_usu_actualiza) values(40,'Ubicación errónea de muestras en automuestreador', now(),now(),0,1,1);

insert into evento_por_categoria (evca_eve_codigo,evca_cat_codigo,evca_fecha_registro_sistema,evca_usu_crea) values(1,1,now(),1);
insert into evento_por_categoria (evca_eve_codigo,evca_cat_codigo,evca_fecha_registro_sistema,evca_usu_crea) values(2,1,now(),1);
insert into evento_por_categoria (evca_eve_codigo,evca_cat_codigo,evca_fecha_registro_sistema,evca_usu_crea) values(3,1,now(),1);
insert into evento_por_categoria (evca_eve_codigo,evca_cat_codigo,evca_fecha_registro_sistema,evca_usu_crea) values(4,1,now(),1);
insert into evento_por_categoria (evca_eve_codigo,evca_cat_codigo,evca_fecha_registro_sistema,evca_usu_crea) values(5,2,now(),1);
insert into evento_por_categoria (evca_eve_codigo,evca_cat_codigo,evca_fecha_registro_sistema,evca_usu_crea) values(6,2,now(),1);
insert into evento_por_categoria (evca_eve_codigo,evca_cat_codigo,evca_fecha_registro_sistema,evca_usu_crea) values(7,2,now(),1);
insert into evento_por_categoria (evca_eve_codigo,evca_cat_codigo,evca_fecha_registro_sistema,evca_usu_crea) values(8,2,now(),1);
insert into evento_por_categoria (evca_eve_codigo,evca_cat_codigo,evca_fecha_registro_sistema,evca_usu_crea) values(9,2,now(),1);
insert into evento_por_categoria (evca_eve_codigo,evca_cat_codigo,evca_fecha_registro_sistema,evca_usu_crea) values(10,2,now(),1);
insert into evento_por_categoria (evca_eve_codigo,evca_cat_codigo,evca_fecha_registro_sistema,evca_usu_crea) values(4,2,now(),1);
insert into evento_por_categoria (evca_eve_codigo,evca_cat_codigo,evca_fecha_registro_sistema,evca_usu_crea) values(11,3,now(),1);
insert into evento_por_categoria (evca_eve_codigo,evca_cat_codigo,evca_fecha_registro_sistema,evca_usu_crea) values(12,3,now(),1);
insert into evento_por_categoria (evca_eve_codigo,evca_cat_codigo,evca_fecha_registro_sistema,evca_usu_crea) values(13,3,now(),1);
insert into evento_por_categoria (evca_eve_codigo,evca_cat_codigo,evca_fecha_registro_sistema,evca_usu_crea) values(14,3,now(),1);
insert into evento_por_categoria (evca_eve_codigo,evca_cat_codigo,evca_fecha_registro_sistema,evca_usu_crea) values(4,3,now(),1);
insert into evento_por_categoria (evca_eve_codigo,evca_cat_codigo,evca_fecha_registro_sistema,evca_usu_crea) values(15,4,now(),1);
insert into evento_por_categoria (evca_eve_codigo,evca_cat_codigo,evca_fecha_registro_sistema,evca_usu_crea) values(16,4,now(),1);
insert into evento_por_categoria (evca_eve_codigo,evca_cat_codigo,evca_fecha_registro_sistema,evca_usu_crea) values(17,4,now(),1);
insert into evento_por_categoria (evca_eve_codigo,evca_cat_codigo,evca_fecha_registro_sistema,evca_usu_crea) values(18,4,now(),1);
insert into evento_por_categoria (evca_eve_codigo,evca_cat_codigo,evca_fecha_registro_sistema,evca_usu_crea) values(19,4,now(),1);
insert into evento_por_categoria (evca_eve_codigo,evca_cat_codigo,evca_fecha_registro_sistema,evca_usu_crea) values(20,4,now(),1);
insert into evento_por_categoria (evca_eve_codigo,evca_cat_codigo,evca_fecha_registro_sistema,evca_usu_crea) values(21,4,now(),1);
insert into evento_por_categoria (evca_eve_codigo,evca_cat_codigo,evca_fecha_registro_sistema,evca_usu_crea) values(22,4,now(),1);
insert into evento_por_categoria (evca_eve_codigo,evca_cat_codigo,evca_fecha_registro_sistema,evca_usu_crea) values(4,4,now(),1);
insert into evento_por_categoria (evca_eve_codigo,evca_cat_codigo,evca_fecha_registro_sistema,evca_usu_crea) values(23,5,now(),1);
insert into evento_por_categoria (evca_eve_codigo,evca_cat_codigo,evca_fecha_registro_sistema,evca_usu_crea) values(24,5,now(),1);
insert into evento_por_categoria (evca_eve_codigo,evca_cat_codigo,evca_fecha_registro_sistema,evca_usu_crea) values(25,5,now(),1);
insert into evento_por_categoria (evca_eve_codigo,evca_cat_codigo,evca_fecha_registro_sistema,evca_usu_crea) values(4,5,now(),1);
insert into evento_por_categoria (evca_eve_codigo,evca_cat_codigo,evca_fecha_registro_sistema,evca_usu_crea) values(26,6,now(),1);
insert into evento_por_categoria (evca_eve_codigo,evca_cat_codigo,evca_fecha_registro_sistema,evca_usu_crea) values(27,6,now(),1);
insert into evento_por_categoria (evca_eve_codigo,evca_cat_codigo,evca_fecha_registro_sistema,evca_usu_crea) values(28,6,now(),1);
insert into evento_por_categoria (evca_eve_codigo,evca_cat_codigo,evca_fecha_registro_sistema,evca_usu_crea) values(4,6,now(),1);
insert into evento_por_categoria (evca_eve_codigo,evca_cat_codigo,evca_fecha_registro_sistema,evca_usu_crea) values(29,7,now(),1);
insert into evento_por_categoria (evca_eve_codigo,evca_cat_codigo,evca_fecha_registro_sistema,evca_usu_crea) values(30,7,now(),1);
insert into evento_por_categoria (evca_eve_codigo,evca_cat_codigo,evca_fecha_registro_sistema,evca_usu_crea) values(31,7,now(),1);
insert into evento_por_categoria (evca_eve_codigo,evca_cat_codigo,evca_fecha_registro_sistema,evca_usu_crea) values(32,7,now(),1);
insert into evento_por_categoria (evca_eve_codigo,evca_cat_codigo,evca_fecha_registro_sistema,evca_usu_crea) values(4,7,now(),1);
insert into evento_por_categoria (evca_eve_codigo,evca_cat_codigo,evca_fecha_registro_sistema,evca_usu_crea) values(33,8,now(),1);
insert into evento_por_categoria (evca_eve_codigo,evca_cat_codigo,evca_fecha_registro_sistema,evca_usu_crea) values(34,8,now(),1);
insert into evento_por_categoria (evca_eve_codigo,evca_cat_codigo,evca_fecha_registro_sistema,evca_usu_crea) values(35,8,now(),1);
insert into evento_por_categoria (evca_eve_codigo,evca_cat_codigo,evca_fecha_registro_sistema,evca_usu_crea) values(36,8,now(),1);
insert into evento_por_categoria (evca_eve_codigo,evca_cat_codigo,evca_fecha_registro_sistema,evca_usu_crea) values(37,8,now(),1);
insert into evento_por_categoria (evca_eve_codigo,evca_cat_codigo,evca_fecha_registro_sistema,evca_usu_crea) values(38,8,now(),1);
insert into evento_por_categoria (evca_eve_codigo,evca_cat_codigo,evca_fecha_registro_sistema,evca_usu_crea) values(39,8,now(),1);
insert into evento_por_categoria (evca_eve_codigo,evca_cat_codigo,evca_fecha_registro_sistema,evca_usu_crea) values(40,8,now(),1);
insert into evento_por_categoria (evca_eve_codigo,evca_cat_codigo,evca_fecha_registro_sistema,evca_usu_crea) values(4,8,now(),1);

insert into indicador (ind_codigo,ind_sigla,ind_nombre,ind_unidad,ind_fecha_registro_sistema,ind_fecha_actualizacion,ind_eliminado,ind_usu_crea,ind_usu_actualiza) values (1,'TP','Tiempo Programado','Hrs',now(),now(),0,1,1);
insert into indicador (ind_codigo,ind_sigla,ind_nombre,ind_unidad,ind_fecha_registro_sistema,ind_fecha_actualizacion,ind_eliminado,ind_usu_crea,ind_usu_actualiza) values (2,'TNP','Tiempo No Programado','Hrs',now(),now(),0,1,1);
insert into indicador (ind_codigo,ind_sigla,ind_nombre,ind_unidad,ind_fecha_registro_sistema,ind_fecha_actualizacion,ind_eliminado,ind_usu_crea,ind_usu_actualiza) values (3,'TPP','Tiempo Parada Programada','Hrs',now(),now(),0,1,1);
insert into indicador (ind_codigo,ind_sigla,ind_nombre,ind_unidad,ind_fecha_registro_sistema,ind_fecha_actualizacion,ind_eliminado,ind_usu_crea,ind_usu_actualiza) values (4,'TPNP','Tiempo Paradas No Programadas','Hrs',now(),now(),0,1,1);
insert into indicador (ind_codigo,ind_sigla,ind_nombre,ind_unidad,ind_fecha_registro_sistema,ind_fecha_actualizacion,ind_eliminado,ind_usu_crea,ind_usu_actualiza) values (5,'TF','Tiempo Funcionamiento','Hrs',now(),now(),0,1,1);
insert into indicador (ind_codigo,ind_sigla,ind_nombre,ind_unidad,ind_fecha_registro_sistema,ind_fecha_actualizacion,ind_eliminado,ind_usu_crea,ind_usu_actualiza) values (6,'TO','Tiempo Operativo','Hrs',now(),now(),0,1,1);
insert into indicador (ind_codigo,ind_sigla,ind_nombre,ind_unidad,ind_fecha_registro_sistema,ind_fecha_actualizacion,ind_eliminado,ind_usu_crea,ind_usu_actualiza) values (7,'D','Disponibilidad','%',now(),now(),0,1,1);
insert into indicador (ind_codigo,ind_sigla,ind_nombre,ind_unidad,ind_fecha_registro_sistema,ind_fecha_actualizacion,ind_eliminado,ind_usu_crea,ind_usu_actualiza) values (8,'E','Eficiencia','%',now(),now(),0,1,1);
insert into indicador (ind_codigo,ind_sigla,ind_nombre,ind_unidad,ind_fecha_registro_sistema,ind_fecha_actualizacion,ind_eliminado,ind_usu_crea,ind_usu_actualiza) values (9,'C','Calidad','%',now(),now(),0,1,1);
insert into indicador (ind_codigo,ind_sigla,ind_nombre,ind_unidad,ind_fecha_registro_sistema,ind_fecha_actualizacion,ind_eliminado,ind_usu_crea,ind_usu_actualiza) values (10,'A','Aprovechamiento','%',now(),now(),0,1,1);
insert into indicador (ind_codigo,ind_sigla,ind_nombre,ind_unidad,ind_fecha_registro_sistema,ind_fecha_actualizacion,ind_eliminado,ind_usu_crea,ind_usu_actualiza) values (11,'OEE','Efectividad Global del Equipo','%',now(),now(),0,1,1);
insert into indicador (ind_codigo,ind_sigla,ind_nombre,ind_unidad,ind_fecha_registro_sistema,ind_fecha_actualizacion,ind_eliminado,ind_usu_crea,ind_usu_actualiza) values (12,'Fallas','Fallas','%',now(),now(),0,1,1);
insert into indicador (ind_codigo,ind_sigla,ind_nombre,ind_unidad,ind_fecha_registro_sistema,ind_fecha_actualizacion,ind_eliminado,ind_usu_crea,ind_usu_actualiza) values (13,'Paros','Paros menores /Reajustes','%',now(),now(),0,1,1);
insert into indicador (ind_codigo,ind_sigla,ind_nombre,ind_unidad,ind_fecha_registro_sistema,ind_fecha_actualizacion,ind_eliminado,ind_usu_crea,ind_usu_actualiza) values (14,'Retrabajos','Retrabajos','%',now(),now(),0,1,1);
insert into indicador (ind_codigo,ind_sigla,ind_nombre,ind_unidad,ind_fecha_registro_sistema,ind_fecha_actualizacion,ind_eliminado,ind_usu_crea,ind_usu_actualiza) values (15,'Perdida_rendimiento','Pérdida de rendimiento','%',now(),now(),0,1,1);
insert into indicador (ind_codigo,ind_sigla,ind_nombre,ind_unidad,ind_fecha_registro_sistema,ind_fecha_actualizacion,ind_eliminado,ind_usu_crea,ind_usu_actualiza) values (16,'PTEE','Productividad Global del Equipo','%',now(),now(),0,1,1);